<keymap version="1" name="Default for XWin copy" parent="Default for XWin">
  <action id="$Copy">
    <keyboard-shortcut first-keystroke="ctrl c" />
  </action>
  <action id="$SearchWeb">
    <keyboard-shortcut first-keystroke="altGraph g" />
  </action>
  <action id="ActivateFavoritesToolWindow">
    <keyboard-shortcut first-keystroke="alt 2" />
    <keyboard-shortcut first-keystroke="alt #10000e9" />
  </action>
  <action id="ActivateFindToolWindow">
    <keyboard-shortcut first-keystroke="alt 3" />
    <keyboard-shortcut first-keystroke="alt quotedbl" />
  </action>
  <action id="ActivateMavenProjectsToolWindow">
    <keyboard-shortcut first-keystroke="alt quote" />
  </action>
  <action id="ActivateProjectToolWindow">
    <keyboard-shortcut first-keystroke="alt 1" />
    <keyboard-shortcut first-keystroke="alt ampersand" />
  </action>
  <action id="Arrangement.Alias.Rule.Edit" />
  <action id="Arrangement.Rule.Edit" />
  <action id="AutoIndentLines" />
  <action id="ClassTemplateNavigation" />
  <action id="CloseActiveTab">
    <keyboard-shortcut first-keystroke="shift ctrl f4" />
    <keyboard-shortcut first-keystroke="shift alt quote" />
  </action>
  <action id="CloseContent">
    <keyboard-shortcut first-keystroke="ctrl f4" />
    <keyboard-shortcut first-keystroke="alt w" />
  </action>
  <action id="CommentByLineComment">
    <keyboard-shortcut first-keystroke="shift ctrl colon" />
  </action>
  <action id="Console.TableResult.CompareCells" />
  <action id="Console.TableResult.EditValue">
    <keyboard-shortcut first-keystroke="enter" />
    <keyboard-shortcut first-keystroke="alt enter" />
  </action>
  <action id="Debugger.EditArrayFilter" />
  <action id="Diff.ShowSettingsPopup" />
  <action id="Editor SearchWeb">
    <keyboard-shortcut first-keystroke="altGraph g" />
  </action>
  <action id="EditorCopy">
    <keyboard-shortcut first-keystroke="ctrl c" />
  </action>
  <action id="EditorLookupDown" />
  <action id="EditorScrollDown" />
  <action id="ExpressionTypeInfo" />
  <action id="FileChooser.TogglePathShowing" />
  <action id="Find">
    <keyboard-shortcut first-keystroke="alt f" />
  </action>
  <action id="Git.Reword.Commit">
    <keyboard-shortcut first-keystroke="shift f6" />
  </action>
  <action id="GoToClass" />
  <action id="GotoAction" />
  <action id="GotoClass">
    <keyboard-shortcut first-keystroke="ctrl n" />
    <keyboard-shortcut first-keystroke="shift ctrl n" />
  </action>
  <action id="GotoFile">
    <keyboard-shortcut first-keystroke="ctrl p" />
  </action>
  <action id="GotoNextError" />
  <action id="GotoNextIncompletePropertyAction" />
  <action id="GotoPreviousError" />
  <action id="GotoSymbol">
    <keyboard-shortcut first-keystroke="shift ctrl alt n" />
    <keyboard-shortcut first-keystroke="shift ctrl p" />
  </action>
  <action id="GuiDesigner.EditComponent" />
  <action id="GuiDesigner.EditGroup" />
  <action id="ImplementMethods">
    <keyboard-shortcut first-keystroke="ctrl i" />
    <keyboard-shortcut first-keystroke="ctrl insert" />
  </action>
  <action id="MethodOverloadSwitchDown" />
  <action id="NextSplitter">
    <keyboard-shortcut first-keystroke="shift ctrl d" />
  </action>
  <action id="ParameterInfo" />
  <action id="PrevSplitter">
    <keyboard-shortcut first-keystroke="shift ctrl q" />
  </action>
  <action id="QuickDocCopy">
    <keyboard-shortcut first-keystroke="ctrl c" />
  </action>
  <action id="QuickImplementations" />
  <action id="RenameElement">
    <keyboard-shortcut first-keystroke="shift f6" />
    <keyboard-shortcut first-keystroke="f2" />
  </action>
  <action id="Replace">
    <keyboard-shortcut first-keystroke="alt r" />
  </action>
  <action id="Run">
    <keyboard-shortcut first-keystroke="ctrl #1000153" />
    <keyboard-shortcut first-keystroke="ctrl #10000b2" />
  </action>
  <action id="ShelvedChanges.Rename">
    <keyboard-shortcut first-keystroke="shift f6" />
  </action>
  <action id="TagDocumentationNavigation" />
  <action id="Uml.ShowDiff" />
  <action id="VimAutoIndentVisual">
    <keyboard-shortcut first-keystroke="shift ctrl i" />
  </action>
  <action id="VimWindowSplitHorizontal">
    <keyboard-shortcut first-keystroke="shift ctrl quotedbl" />
  </action>
  <action id="VimWindowSplitVertical">
    <keyboard-shortcut first-keystroke="shift ctrl #10000f9" />
  </action>
  <action id="XDebugger.CopyValue">
    <keyboard-shortcut first-keystroke="ctrl c" />
  </action>
  <action id="XDebugger.EditWatch" />
  <action id="XDebugger.SetValue" />
</keymap>